frame,timestamp,outcome,reason,calibration_state,confidence,keypoint_count,keypoints,infer_ms,wait_ms,event_open,in_delivery
1,00:00.040,no_keypoints,,no_calibration,,0,,3220.14,0.84,False,False
58,00:02.320,no_keypoints,,no_calibration,,0,,662.25,0.28,False,False
98,00:03.920,detected,,no_calibration,0.7289,4,"topleftwidepoint:587.0,228.0;toprightwidepoint:742.0,229.0;bottomrightwidepoint:763.0,457.0;bottomleftwidepoint:569.0,456.0",675.69,0.47,False,False
128,00:05.120,no_keypoints,,temporary_loss,,0,,615.9,0.37,True,True
138,00:05.520,no_keypoints,,calibration_expired,,0,,605.33,241.17,True,True
148,00:05.920,no_keypoints,,calibration_expired,,0,,658.1,475.39,True,True
153,00:06.120,no_keypoints,,calibration_expired,,0,,714.5,947.13,False,True
163,00:06.520,no_keypoints,,calibration_expired,,0,,677.98,0.41,False,True
173,00:06.920,no_keypoints,,calibration_expired,,0,,659.76,273.74,False,True
253,00:10.120,no_keypoints,,calibration_expired,,0,,634.99,0.42,False,False
329,00:13.160,detected,,calibration_expired,0.7941,4,"topleftwidepoint:590.6,226.0;toprightwidepoint:750.0,225.0;bottomrightwidepoint:769.0,473.0;bottomleftwidepoint:568.6,472.8",566.47,0.31,False,False
339,00:13.560,detected,,calibrated,0.8247,4,"topleftwidepoint:593.2,235.6;toprightwidepoint:764.8,233.4;bottomrightwidepoint:783.4,499.4;bottomleftwidepoint:568.4,499.3",655.84,197.1,True,True
360,00:14.400,detected,,temporary_loss,0.8445,4,"topleftwidepoint:537.5,309.0;toprightwidepoint:679.3,306.8;bottomrightwidepoint:692.0,525.6;bottomleftwidepoint:514.2,525.2",585.15,59.61,True,True
370,00:14.800,no_keypoints,,calibrated,,0,,563.69,280.39,True,True
375,00:15.000,no_keypoints,,calibrated,,0,,638.55,660.18,False,True
391,00:15.640,no_keypoints,,calibration_expired,,0,,577.33,0.29,False,True
396,00:15.840,no_keypoints,,calibration_expired,,0,,751.35,384.64,False,True
476,00:19.040,no_keypoints,,calibration_expired,,0,,682.47,0.38,False,False
522,00:20.880,no_keypoints,,calibration_expired,,0,,574.08,0.48,False,False
566,00:22.640,no_keypoints,,calibration_expired,,0,,509.99,0.43,True,True
579,00:23.160,no_keypoints,,calibration_expired,,0,,702.51,16.12,True,True
589,00:23.560,no_keypoints,,calibration_expired,,0,,687.09,324.55,True,True
608,00:24.320,detected,,calibration_expired,0.8647,4,"topleftwidepoint:542.9,301.0;toprightwidepoint:698.0,298.1;bottomrightwidepoint:712.8,538.2;bottomleftwidepoint:518.9,538.7",569.66,294.81,True,True
618,00:24.720,refused,only_2_usable_keypoints,calibrated,0.8427,4,"topleftwidepoint:619.3,359.4;toprightwidepoint:624.4,358.5;bottomrightwidepoint:631.3,542.1;bottomleftwidepoint:605.0,536.8",601.03,473.6,True,True
623,00:24.920,refused,only_2_usable_keypoints,calibrated,0.7577,4,"topleftwidepoint:682.4,414.8;toprightwidepoint:580.2,415.5;bottomrightwidepoint:582.8,526.9;bottomleftwidepoint:669.8,514.1",567.99,890.44,True,True
649,00:25.960,no_keypoints,,calibration_expired,,0,,624.19,461.97,False,True
659,00:26.360,no_keypoints,,calibration_expired,,0,,724.84,690.74,True,True
679,00:27.160,no_keypoints,,calibration_expired,,0,,560.83,661.71,False,True
699,00:27.960,no_keypoints,,calibration_expired,,0,,679.14,469.64,True,True
709,00:28.360,no_keypoints,,calibration_expired,,0,,758.47,709.12,False,True
719,00:28.760,no_keypoints,,calibration_expired,,0,,804.09,1064.72,False,True
729,00:29.160,no_keypoints,,calibration_expired,,0,,749.37,1452.75,False,True
809,00:32.360,no_keypoints,,calibration_expired,,0,,1289.23,0.42,False,False
840,00:33.600,no_keypoints,,calibration_expired,,0,,785.56,97.08,True,True
855,00:34.200,no_keypoints,,calibration_expired,,0,,577.29,310.54,True,True
870,00:34.800,refused,only_1_usable_keypoints,calibration_expired,0.7814,4,"topleftwidepoint:705.0,488.9;toprightwidepoint:565.7,485.7;bottomrightwidepoint:567.3,532.9;bottomleftwidepoint:685.5,518.1",543.84,307.47,True,True
885,00:35.400,refused,keypoint_hull_too_small,calibration_expired,0.8274,4,"topleftwidepoint:484.6,430.9;toprightwidepoint:402.2,428.6;bottomrightwidepoint:403.6,513.0;bottomleftwidepoint:472.1,503.2",637.32,278.78,False,True
890,00:35.600,refused,only_2_usable_keypoints,calibration_expired,0.87,4,"topleftwidepoint:318.8,384.6;toprightwidepoint:239.3,386.4;bottomrightwidepoint:240.1,483.0;bottomleftwidepoint:319.2,477.5",625.17,720.28,False,True
895,00:35.800,no_keypoints,,calibration_expired,,0,,586.01,0.43,False,True
905,00:36.200,no_keypoints,,calibration_expired,,0,,573.36,201.44,False,True
910,00:36.400,no_keypoints,,calibration_expired,,0,,578.79,581.82,False,True
972,00:38.880,refused,only_0_usable_keypoints,calibration_expired,0.7688,4,"topleftwidepoint:678.9,229.9;toprightwidepoint:623.6,233.8;bottomrightwidepoint:624.9,453.4;bottomleftwidepoint:674.0,446.9",618.15,0.09,True,True
982,00:39.280,no_keypoints,,calibration_expired,,0,,517.39,260.1,True,True
997,00:39.880,no_keypoints,,calibration_expired,,0,,545.88,227.17,False,True
1012,00:40.480,no_keypoints,,calibration_expired,,0,,630.9,218.63,False,True
1017,00:40.680,no_keypoints,,calibration_expired,,0,,650.87,669.29,False,True
1097,00:43.880,no_keypoints,,calibration_expired,,0,,580.46,0.47,False,False
1137,00:45.480,no_keypoints,,calibration_expired,,0,,692.07,0.32,False,False
1177,00:47.080,no_keypoints,,calibration_expired,,0,,557.97,0.39,False,False
1249,00:49.960,no_keypoints,,calibration_expired,,0,,534.9,0.47,False,False
1289,00:51.560,no_keypoints,,calibration_expired,,0,,505.32,0.41,False,False
1368,00:54.720,no_keypoints,,calibration_expired,,0,,564.77,0.52,False,False
1378,00:55.120,no_keypoints,,calibration_expired,,0,,698.63,192.54,True,True
1393,00:55.720,no_keypoints,,calibration_expired,,0,,589.12,321.29,True,True
1403,00:56.120,no_keypoints,,calibration_expired,,0,,603.92,539.35,True,True
1408,00:56.320,refused,only_2_usable_keypoints,calibration_expired,0.741,4,"topleftwidepoint:751.7,341.6;toprightwidepoint:724.6,343.9;bottomrightwidepoint:724.5,502.4;bottomleftwidepoint:735.6,496.6",775.73,963.69,True,True
1418,00:56.720,no_keypoints,,calibration_expired,,0,,747.81,1347.83,False,True
1428,00:57.120,no_keypoints,,calibration_expired,,0,,1405.95,399.82,False,True
1438,00:57.520,no_keypoints,,calibration_expired,,0,,1149.41,1329.11,False,True
1518,01:00.720,no_keypoints,,calibration_expired,,0,,612.83,0.36,False,False
1598,01:03.920,no_keypoints,,calibration_expired,,0,,544.43,0.49,False,False
1608,01:04.320,no_keypoints,,calibration_expired,,0,,691.07,151.82,True,True
1623,01:04.920,detected,,calibration_expired,0.6639,4,"topleftwidepoint:677.8,297.7;toprightwidepoint:724.7,297.5;bottomrightwidepoint:727.5,499.5;bottomleftwidepoint:659.7,495.9",692.23,279.01,True,True
1638,01:05.520,no_keypoints,,calibrated,,0,,656.62,374.79,True,True
1659,01:06.360,no_keypoints,,calibration_expired,,0,,617.48,234.02,True,True
1664,01:06.560,no_keypoints,,calibration_expired,,0,,784.8,665.02,False,True
1669,01:06.760,no_keypoints,,calibration_expired,,0,,709.0,1255.8,False,True
1674,01:06.960,no_keypoints,,calibration_expired,,0,,727.36,464.25,False,True
1683,01:07.320,no_keypoints,,calibration_expired,,0,,618.61,823.78,False,True
1791,01:11.640,no_keypoints,,calibration_expired,,0,,548.76,0.43,True,True
1811,01:12.440,no_keypoints,,calibration_expired,,0,,873.29,0.51,True,True
1825,01:13.000,detected,,calibration_expired,0.7536,4,"topleftwidepoint:650.3,274.6;toprightwidepoint:713.6,275.3;bottomrightwidepoint:720.5,496.9;bottomleftwidepoint:638.2,494.8",772.59,349.06,False,True
1835,01:13.400,detected,,calibrated,0.8055,4,"topleftwidepoint:623.8,264.8;toprightwidepoint:726.6,264.0;bottomrightwidepoint:737.9,505.3;bottomleftwidepoint:607.4,504.9",573.42,735.33,False,True
1859,01:14.360,refused,only_2_usable_keypoints,temporary_loss,0.7774,4,"topleftwidepoint:600.7,270.9;toprightwidepoint:750.8,268.4;bottomrightwidepoint:761.9,539.2;bottomleftwidepoint:582.0,540.1",666.4,353.42,True,True
1874,01:14.960,no_keypoints,,calibration_expired,,0,,547.9,382.64,True,True
1889,01:15.560,no_keypoints,,calibration_expired,,0,,682.42,359.76,True,True
1897,01:15.880,no_keypoints,,calibration_expired,,0,,609.13,736.37,False,True
1902,01:16.080,no_keypoints,,calibration_expired,,0,,547.19,0.49,False,True
1912,01:16.480,no_keypoints,,calibration_expired,,0,,494.13,192.65,False,True
1917,01:16.680,no_keypoints,,calibration_expired,,0,,465.84,522.31,False,True
1939,01:17.560,no_keypoints,,calibration_expired,,0,,546.18,241.51,True,True
1944,01:17.760,no_keypoints,,calibration_expired,,0,,540.71,617.0,True,True
1964,01:18.560,no_keypoints,,calibration_expired,,0,,754.36,465.98,False,True
1984,01:19.360,no_keypoints,,calibration_expired,,0,,956.21,450.68,True,True
2004,01:20.160,no_keypoints,,calibration_expired,,0,,1008.97,631.29,False,True
2116,01:24.640,detected,,calibration_expired,0.8,4,"topleftwidepoint:602.4,258.5;toprightwidepoint:752.5,257.0;bottomrightwidepoint:764.4,503.1;bottomleftwidepoint:585.2,504.9",567.4,0.49,False,False
2126,01:25.040,detected,,calibrated,0.7137,4,"topleftwidepoint:603.8,251.5;toprightwidepoint:757.1,249.8;bottomrightwidepoint:769.4,493.1;bottomleftwidepoint:585.1,494.9",536.63,141.74,True,True
2156,01:26.240,refused,only_2_usable_keypoints,temporary_loss,0.7462,4,"topleftwidepoint:607.9,260.9;toprightwidepoint:790.6,258.7;bottomrightwidepoint:800.0,527.4;bottomleftwidepoint:586.7,529.0",565.77,0.29,False,True
2161,01:26.440,no_keypoints,,calibration_expired,,0,,636.53,379.4,True,True
2176,01:27.040,no_keypoints,,calibration_expired,,0,,576.92,432.22,True,True
2186,01:27.440,no_keypoints,,calibration_expired,,0,,744.79,634.76,True,True
2196,01:27.840,no_keypoints,,calibration_expired,,0,,869.23,987.26,False,True
2206,01:28.240,no_keypoints,,calibration_expired,,0,,744.09,525.41,False,True
2216,01:28.640,no_keypoints,,calibration_expired,,0,,755.97,872.65,False,True
2416,01:36.640,no_keypoints,,calibration_expired,,0,,736.59,0.43,False,False
2445,01:37.800,no_keypoints,,calibration_expired,,0,,614.18,0.47,True,True
2455,01:38.200,no_keypoints,,calibration_expired,,0,,556.05,257.31,True,True
2465,01:38.600,no_keypoints,,calibration_expired,,0,,514.54,439.29,True,True
2475,01:39.000,no_keypoints,,calibration_expired,,0,,527.44,582.07,True,True
2485,01:39.400,no_keypoints,,calibration_expired,,0,,731.65,730.27,False,True
2495,01:39.800,no_keypoints,,calibration_expired,,0,,576.08,1093.61,False,True
2505,01:40.200,no_keypoints,,calibration_expired,,0,,958.31,1305.1,False,True
2705,01:48.200,no_keypoints,,calibration_expired,,0,,525.21,0.32,False,False
2726,01:49.040,no_keypoints,,calibration_expired,,0,,594.61,0.45,True,True
2731,01:49.240,no_keypoints,,calibration_expired,,0,,590.48,392.03,True,True
2746,01:49.840,no_keypoints,,calibration_expired,,0,,680.47,370.91,True,True
2766,01:50.640,detected,,calibration_expired,0.8085,4,"topleftwidepoint:593.1,263.7;toprightwidepoint:776.8,259.6;bottomrightwidepoint:787.6,540.5;bottomleftwidepoint:568.8,542.2",630.11,281.54,False,True
2781,01:51.240,refused,only_2_usable_keypoints,calibrated,0.7323,4,"topleftwidepoint:569.5,313.1;toprightwidepoint:784.1,310.2;bottomrightwidepoint:792.2,551.5;bottomleftwidepoint:552.1,554.5",717.33,323.0,True,True
2802,01:52.080,detected,,calibration_expired,0.8076,4,"topleftwidepoint:744.1,335.8;toprightwidepoint:832.8,334.9;bottomrightwidepoint:836.5,538.9;bottomleftwidepoint:742.5,541.5",583.99,221.07,True,True
2807,01:52.280,refused,only_1_usable_keypoints,calibrated,0.8524,4,"topleftwidepoint:953.6,348.3;toprightwidepoint:991.3,346.5;bottomrightwidepoint:990.7,530.9;bottomleftwidepoint:951.5,532.9",551.11,612.36,False,True
2812,01:52.480,no_keypoints,,calibrated,,0,,731.89,976.81,False,True
2833,01:53.320,no_keypoints,,calibration_expired,,0,,668.43,0.28,False,True
2873,01:54.920,no_keypoints,,calibration_expired,,0,,746.67,0.1,False,False
2913,01:56.520,no_keypoints,,calibration_expired,,0,,559.83,0.28,False,False
2953,01:58.120,no_keypoints,,calibration_expired,,0,,534.42,0.36,False,False
2993,01:59.720,no_keypoints,,calibration_expired,,0,,559.57,0.26,False,False
3033,02:01.320,no_keypoints,,calibration_expired,,0,,906.95,0.34,False,False
3073,02:02.920,no_keypoints,,calibration_expired,,0,,641.25,0.29,False,False
3087,02:03.480,detected,,calibration_expired,0.754,4,"topleftwidepoint:780.6,313.4;toprightwidepoint:884.4,313.5;bottomrightwidepoint:891.6,525.4;bottomleftwidepoint:769.7,526.9",537.23,120.45,True,True
3097,02:03.880,refused,only_2_usable_keypoints,calibrated,0.7289,4,"topleftwidepoint:661.6,353.2;toprightwidepoint:820.6,354.5;bottomrightwidepoint:822.6,526.4;bottomleftwidepoint:655.0,529.0",592.53,262.01,True,True
3102,02:04.080,refused,only_1_usable_keypoints,calibrated,0.7886,4,"topleftwidepoint:688.9,422.7;toprightwidepoint:689.2,421.9;bottomrightwidepoint:689.1,524.6;bottomleftwidepoint:683.8,521.0",565.71,662.97,True,True
3128,02:05.120,no_keypoints,,calibration_expired,,0,,620.41,272.57,False,True
3133,02:05.320,no_keypoints,,calibration_expired,,0,,647.05,708.15,False,True
3138,02:05.520,no_keypoints,,calibration_expired,,0,,667.48,0.29,False,True
3148,02:05.920,no_keypoints,,calibration_expired,,0,,621.78,287.52,False,True
3153,02:06.120,no_keypoints,,calibration_expired,,0,,649.4,713.63,False,True
3233,02:09.320,no_keypoints,,calibration_expired,,0,,629.53,0.3,False,False
3313,02:12.520,no_keypoints,,calibration_expired,,0,,507.75,0.28,False,False
3353,02:14.120,no_keypoints,,calibration_expired,,0,,584.91,0.27,False,False
3363,02:14.520,no_keypoints,,calibration_expired,,0,,605.9,209.23,True,True
3378,02:15.120,no_keypoints,,calibration_expired,,0,,586.18,259.19,False,True
3393,02:15.720,no_keypoints,,calibration_expired,,0,,613.4,281.17,False,True
3398,02:15.920,no_keypoints,,calibration_expired,,0,,524.33,708.34,False,True
3403,02:16.120,no_keypoints,,calibration_expired,,0,,631.96,1037.71,False,True
3435,02:17.400,no_keypoints,,calibration_expired,,0,,472.18,508.51,True,True
3445,02:17.800,no_keypoints,,calibration_expired,,0,,518.12,594.52,True,True
3455,02:18.200,no_keypoints,,calibration_expired,,0,,521.95,700.06,True,True
3475,02:19.000,no_keypoints,,calibration_expired,,0,,546.97,483.12,False,True
3495,02:19.800,no_keypoints,,calibration_expired,,0,,584.17,321.67,False,True
3694,02:27.760,no_keypoints,,calibration_expired,,0,,659.02,0.29,True,True
3714,02:28.560,no_keypoints,,calibration_expired,,0,,602.48,0.31,True,True
3734,02:29.360,no_keypoints,,calibration_expired,,0,,543.63,0.3,True,True
3749,02:29.960,detected,,calibration_expired,0.8291,4,"topleftwidepoint:657.4,348.8;toprightwidepoint:725.1,346.4;bottomrightwidepoint:731.5,518.8;bottomleftwidepoint:643.1,517.4",535.94,0.3,True,True
3754,02:30.160,detected,,calibrated,0.839,4,"topleftwidepoint:638.8,308.1;toprightwidepoint:749.5,305.0;bottomrightwidepoint:759.7,518.1;bottomleftwidepoint:618.6,518.0",565.45,354.53,True,True
3759,02:30.360,detected,,calibrated,0.8502,4,"topleftwidepoint:625.7,282.5;toprightwidepoint:766.5,278.2;bottomrightwidepoint:779.0,521.2;bottomleftwidepoint:601.6,521.6",650.74,733.09,True,True
3790,02:31.600,no_keypoints,,calibration_expired,,0,,610.05,215.79,True,True
3805,02:32.200,refused,only_2_usable_keypoints,calibration_expired,0.8434,4,"topleftwidepoint:381.4,337.5;toprightwidepoint:464.7,336.5;bottomrightwidepoint:477.0,547.5;bottomleftwidepoint:369.4,548.6",692.57,285.56,False,True
3820,02:32.800,refused,only_0_usable_keypoints,calibration_expired,0.7466,4,"topleftwidepoint:290.4,412.1;toprightwidepoint:344.4,414.3;bottomrightwidepoint:349.8,549.3;bottomleftwidepoint:272.8,550.3",618.36,417.9,False,True
3830,02:33.200,no_keypoints,,calibration_expired,,0,,831.9,656.06,False,True
3903,02:36.120,no_keypoints,,calibration_expired,,0,,1034.5,0.31,False,False
3943,02:37.720,no_keypoints,,calibration_expired,,0,,728.69,0.28,False,False
3983,02:39.320,no_keypoints,,calibration_expired,,0,,655.91,0.36,False,False
4019,02:40.760,detected,,calibration_expired,0.767,4,"topleftwidepoint:388.7,352.4;toprightwidepoint:493.9,351.4;bottomrightwidepoint:501.9,572.4;bottomleftwidepoint:365.3,573.0",545.6,0.32,True,True
4024,02:40.960,refused,only_2_usable_keypoints,calibrated,0.7975,4,"topleftwidepoint:436.4,328.3;toprightwidepoint:602.7,326.4;bottomrightwidepoint:610.7,574.2;bottomleftwidepoint:415.6,576.2",570.27,349.09,True,True
4029,02:41.160,no_keypoints,,calibrated,,0,,560.25,723.35,True,True
4055,02:42.200,no_keypoints,,calibration_expired,,0,,576.15,299.17,True,True
4060,02:42.400,no_keypoints,,calibration_expired,,0,,546.69,693.52,False,True
4070,02:42.800,no_keypoints,,calibration_expired,,0,,582.94,0.3,False,True
4080,02:43.200,no_keypoints,,calibration_expired,,0,,713.77,199.36,False,True
4120,02:44.800,no_keypoints,,calibration_expired,,0,,573.05,0.28,False,False
4140,02:45.600,no_keypoints,,calibration_expired,,0,,646.07,0.31,True,True
4160,02:46.400,no_keypoints,,calibration_expired,,0,,618.64,0.29,False,True
4180,02:47.200,no_keypoints,,calibration_expired,,0,,660.22,0.32,False,True
4255,02:50.200,refused,only_0_usable_keypoints,calibration_expired,0.8383,4,"topleftwidepoint:560.2,401.0;toprightwidepoint:581.2,401.9;bottomrightwidepoint:590.4,563.7;bottomleftwidepoint:544.1,563.7",540.65,0.31,True,True
4269,02:50.760,no_keypoints,,calibration_expired,,0,,537.06,0.29,True,True
4274,02:50.960,no_keypoints,,calibration_expired,,0,,548.62,346.7,True,True
4289,02:51.560,refused,keypoint_hull_too_small,calibration_expired,0.845,4,"topleftwidepoint:452.1,389.8;toprightwidepoint:463.1,391.5;bottomrightwidepoint:469.1,539.9;bottomleftwidepoint:441.7,539.0",551.95,324.92,True,True
4299,02:51.960,no_keypoints,,calibration_expired,,0,,626.97,500.26,True,True
4309,02:52.360,no_keypoints,,calibration_expired,,0,,727.11,760.13,False,True
4319,02:52.760,no_keypoints,,calibration_expired,,0,,590.32,0.29,False,True
4329,02:53.160,no_keypoints,,calibration_expired,,0,,607.66,198.38,False,True
4371,02:54.840,no_keypoints,,calibration_expired,,0,,831.26,0.3,False,False
4411,02:56.440,no_keypoints,,calibration_expired,,0,,601.49,0.29,False,False
4498,02:59.920,refused,keypoint_hull_too_small,calibration_expired,0.8837,4,"topleftwidepoint:534.1,334.3;toprightwidepoint:531.9,332.9;bottomrightwidepoint:533.8,559.1;bottomleftwidepoint:525.0,557.0",673.56,0.29,True,True
4515,03:00.600,refused,only_1_usable_keypoints,calibration_expired,0.8886,4,"topleftwidepoint:540.5,406.6;toprightwidepoint:605.5,408.1;bottomrightwidepoint:595.5,541.5;bottomleftwidepoint:523.4,543.0",635.03,0.29,True,True
4525,03:01.000,refused,only_0_usable_keypoints,calibration_expired,0.8363,4,"topleftwidepoint:607.9,457.1;toprightwidepoint:548.9,460.5;bottomrightwidepoint:544.9,535.3;bottomleftwidepoint:576.4,525.8",836.07,245.45,True,True
4535,03:01.400,refused,keypoint_hull_too_small,calibration_expired,0.8745,4,"topleftwidepoint:429.9,427.9;toprightwidepoint:440.1,430.3;bottomrightwidepoint:442.1,538.4;bottomleftwidepoint:406.3,533.5",571.17,713.11,False,True
4540,03:01.600,refused,keypoint_hull_too_small,calibration_expired,0.8588,4,"topleftwidepoint:310.4,412.7;toprightwidepoint:357.3,414.2;bottomrightwidepoint:360.9,538.2;bottomleftwidepoint:290.6,535.3",571.59,1104.41,False,True
4545,03:01.800,detected,,calibration_expired,0.8888,4,"topleftwidepoint:233.8,403.2;toprightwidepoint:298.4,404.5;bottomrightwidepoint:304.1,533.7;bottomleftwidepoint:216.3,532.4",581.96,12.64,False,True
4555,03:02.200,detected,,calibrated,0.8926,4,"topleftwidepoint:195.1,399.1;toprightwidepoint:263.0,402.3;bottomrightwidepoint:270.5,524.6;bottomleftwidepoint:179.8,523.8",640.51,204.03,False,True
4560,03:02.400,refused,keypoint_hull_too_small,calibrated,0.8959,4,"topleftwidepoint:205.4,395.5;toprightwidepoint:219.4,398.2;bottomrightwidepoint:221.1,518.0;bottomleftwidepoint:200.3,517.1",678.78,650.38,False,True
4600,03:04.000,no_keypoints,,calibration_expired,,0,,564.99,0.29,False,False
4640,03:05.600,no_keypoints,,calibration_expired,,0,,564.41,0.31,False,False
4680,03:07.200,no_keypoints,,calibration_expired,,0,,627.5,0.34,False,False
4720,03:08.800,no_keypoints,,calibration_expired,,0,,582.28,0.36,False,False
4742,03:09.680,no_keypoints,,calibration_expired,,0,,566.95,0.29,True,True
4747,03:09.880,no_keypoints,,calibration_expired,,0,,559.49,379.14,True,True
4762,03:10.480,no_keypoints,,calibration_expired,,0,,513.23,379.13,True,True
4772,03:10.880,refused,keypoint_hull_too_small,calibration_expired,0.906,4,"topleftwidepoint:378.1,383.7;toprightwidepoint:370.1,384.9;bottomrightwidepoint:367.4,521.2;bottomleftwidepoint:376.2,520.7",570.5,532.72,True,True
4792,03:11.680,refused,keypoint_hull_too_small,calibration_expired,0.9051,4,"topleftwidepoint:344.4,361.4;toprightwidepoint:360.8,361.4;bottomrightwidepoint:359.7,483.1;bottomleftwidepoint:336.9,483.2",603.17,0.27,False,True
4797,03:11.880,refused,keypoint_hull_too_small,calibration_expired,0.9006,4,"topleftwidepoint:308.3,340.9;toprightwidepoint:332.9,339.6;bottomrightwidepoint:332.2,448.7;bottomleftwidepoint:298.5,448.7",759.08,419.49,False,True
4802,03:12.080,refused,keypoint_hull_too_small,calibration_expired,0.8954,4,"topleftwidepoint:278.6,322.1;toprightwidepoint:304.9,321.0;bottomrightwidepoint:305.3,418.4;bottomleftwidepoint:268.3,418.4",623.48,992.6,False,True
4882,03:15.280,no_keypoints,,calibration_expired,,0,,549.38,0.29,False,False
4922,03:16.880,refused,keypoint_hull_too_small,calibration_expired,0.9012,4,"topleftwidepoint:430.3,286.1;toprightwidepoint:424.2,285.4;bottomrightwidepoint:422.8,451.0;bottomleftwidepoint:428.6,451.1",551.76,0.2,False,False
4927,03:17.080,detected,,calibration_expired,0.8626,4,"topleftwidepoint:482.6,268.4;toprightwidepoint:538.1,267.6;bottomrightwidepoint:540.5,471.0;bottomleftwidepoint:473.2,470.6",629.27,363.45,True,True
4947,03:17.880,refused,only_2_usable_keypoints,temporary_loss,0.8764,4,"topleftwidepoint:494.8,330.7;toprightwidepoint:614.1,330.6;bottomrightwidepoint:616.3,504.2;bottomleftwidepoint:482.3,504.8",883.72,242.26,True,True
4968,03:18.720,refused,only_1_usable_keypoints,calibration_expired,0.8765,4,"topleftwidepoint:560.5,408.8;toprightwidepoint:591.6,406.8;bottomrightwidepoint:595.0,526.1;bottomleftwidepoint:535.0,523.3",676.83,319.78,True,True
4978,03:19.120,refused,only_1_usable_keypoints,calibration_expired,0.8719,4,"topleftwidepoint:525.1,448.1;toprightwidepoint:665.8,448.9;bottomrightwidepoint:660.2,535.3;bottomleftwidepoint:496.6,533.6",1465.9,620.72,True,True
4998,03:19.920,no_keypoints,,calibration_expired,,0,,493.61,479.38,False,True
5008,03:20.320,no_keypoints,,calibration_expired,,0,,610.98,639.4,False,True
5088,03:23.520,no_keypoints,,calibration_expired,,0,,639.81,0.33,False,False
5112,03:24.480,no_keypoints,,calibration_expired,,0,,715.66,0.33,True,True
5122,03:24.880,no_keypoints,,calibration_expired,,0,,561.99,347.22,True,True
5132,03:25.280,no_keypoints,,calibration_expired,,0,,545.38,536.87,True,True
5152,03:26.080,no_keypoints,,calibration_expired,,0,,549.1,354.19,True,True
5167,03:26.680,no_keypoints,,calibration_expired,,0,,645.8,341.75,True,True
5187,03:27.480,no_keypoints,,calibration_expired,,0,,656.8,248.51,False,True
5202,03:28.080,no_keypoints,,calibration_expired,,0,,820.43,336.62,False,True
5207,03:28.280,no_keypoints,,calibration_expired,,0,,791.44,974.32,False,True
5284,03:31.360,no_keypoints,,calibration_expired,,0,,818.34,0.34,True,True
5304,03:32.160,no_keypoints,,calibration_expired,,0,,588.64,76.31,True,True
5324,03:32.960,no_keypoints,,calibration_expired,,0,,573.95,0.31,False,True
5407,03:36.280,no_keypoints,,calibration_expired,,0,,499.3,0.31,False,False
5435,03:37.400,no_keypoints,,calibration_expired,,0,,555.71,0.28,True,True
5445,03:37.800,no_keypoints,,calibration_expired,,0,,627.1,180.77,True,True
5460,03:38.400,no_keypoints,,calibration_expired,,0,,568.23,261.82,True,True
5475,03:39.000,no_keypoints,,calibration_expired,,0,,605.75,285.37,False,True
5490,03:39.600,no_keypoints,,calibration_expired,,0,,622.85,355.65,False,True
5495,03:39.800,no_keypoints,,calibration_expired,,0,,628.96,796.32,False,True
5612,03:44.480,no_keypoints,,calibration_expired,,0,,563.76,0.3,True,True
5632,03:45.280,no_keypoints,,calibration_expired,,0,,560.61,0.28,True,True
5652,03:46.080,no_keypoints,,calibration_expired,,0,,669.76,0.29,False,True
5672,03:46.880,no_keypoints,,calibration_expired,,0,,661.97,0.33,False,True
5763,03:50.520,no_keypoints,,calibration_expired,,0,,675.21,0.3,False,False
5776,03:51.040,no_keypoints,,calibration_expired,,0,,726.34,195.66,True,True
5791,03:51.640,no_keypoints,,calibration_expired,,0,,771.92,318.05,True,True
5816,03:52.640,no_keypoints,,calibration_expired,,0,,613.63,200.04,False,True
5831,03:53.240,no_keypoints,,calibration_expired,,0,,966.44,300.33,False,True
5836,03:53.440,no_keypoints,,calibration_expired,,0,,546.82,1087.04,False,True
5841,03:53.640,no_keypoints,,calibration_expired,,0,,615.24,1450.96,False,True
5929,03:57.160,no_keypoints,,calibration_expired,,0,,676.56,0.3,True,True
5949,03:57.960,no_keypoints,,calibration_expired,,0,,666.23,0.24,True,True
5969,03:58.760,no_keypoints,,calibration_expired,,0,,677.87,0.27,False,True
5989,03:59.560,no_keypoints,,calibration_expired,,0,,743.51,0.28,False,True
6009,04:00.360,no_keypoints,,calibration_expired,,0,,771.9,6.33,True,True
6029,04:01.160,no_keypoints,,calibration_expired,,0,,745.78,25.76,False,True
6049,04:01.960,no_keypoints,,calibration_expired,,0,,971.77,0.26,True,True
6069,04:02.760,no_keypoints,,calibration_expired,,0,,795.07,248.9,False,True
6089,04:03.560,no_keypoints,,calibration_expired,,0,,697.73,275.83,True,True
6109,04:04.360,no_keypoints,,calibration_expired,,0,,651.3,221.88,False,True
6129,04:05.160,no_keypoints,,calibration_expired,,0,,547.04,0.31,False,True
6235,04:09.400,no_keypoints,,calibration_expired,,0,,561.01,0.36,True,True
6255,04:10.200,no_keypoints,,calibration_expired,,0,,509.52,0.24,True,True
6275,04:11.000,no_keypoints,,calibration_expired,,0,,569.64,0.26,False,True
6295,04:11.800,no_keypoints,,calibration_expired,,0,,609.41,0.32,False,True
6432,04:17.280,no_keypoints,,calibration_expired,,0,,604.47,0.11,True,True
6452,04:18.080,no_keypoints,,calibration_expired,,0,,664.39,0.48,True,True
6472,04:18.880,no_keypoints,,calibration_expired,,0,,555.0,0.28,False,True
6492,04:19.680,no_keypoints,,calibration_expired,,0,,556.69,0.29,False,True
6590,04:23.600,no_keypoints,,calibration_expired,,0,,570.17,0.31,True,True
6610,04:24.400,no_keypoints,,calibration_expired,,0,,523.3,0.27,True,True
6630,04:25.200,no_keypoints,,calibration_expired,,0,,577.96,0.37,False,True
6828,04:33.120,no_keypoints,,calibration_expired,,0,,502.28,0.28,True,True
6848,04:33.920,no_keypoints,,calibration_expired,,0,,513.69,0.26,True,True
6868,04:34.720,no_keypoints,,calibration_expired,,0,,536.71,0.28,False,True
6948,04:37.920,refused,only_1_usable_keypoints,calibration_expired,0.791,4,"topleftwidepoint:537.8,383.2;toprightwidepoint:749.1,385.7;bottomrightwidepoint:746.1,516.0;bottomleftwidepoint:514.8,515.7",512.17,0.3,False,False
7010,04:40.400,no_keypoints,,calibration_expired,,0,,555.05,0.35,False,False
7054,04:42.160,no_keypoints,,calibration_expired,,0,,526.34,0.34,False,False
7094,04:43.760,no_keypoints,,calibration_expired,,0,,551.67,0.3,False,False
7134,04:45.360,no_keypoints,,calibration_expired,,0,,612.79,0.29,False,False
7174,04:46.960,no_keypoints,,calibration_expired,,0,,557.85,0.22,False,False
7214,04:48.560,no_keypoints,,calibration_expired,,0,,536.41,0.28,False,False
7294,04:51.760,no_keypoints,,calibration_expired,,0,,617.25,0.28,False,False
7321,04:52.840,no_keypoints,,calibration_expired,,0,,488.64,0.38,True,True
7326,04:53.040,no_keypoints,,calibration_expired,,0,,495.56,308.79,True,True
7341,04:53.640,no_keypoints,,calibration_expired,,0,,948.34,240.08,True,True
7356,04:54.240,no_keypoints,,calibration_expired,,0,,502.63,632.18,True,True
7381,04:55.240,refused,only_1_usable_keypoints,calibration_expired,0.7053,4,"topleftwidepoint:546.3,412.8;toprightwidepoint:639.0,415.0;bottomrightwidepoint:639.7,514.4;bottomleftwidepoint:537.2,513.4",538.42,236.09,True,True
7396,04:55.840,refused,only_0_usable_keypoints,calibration_expired,0.6742,4,"topleftwidepoint:545.0,436.4;toprightwidepoint:567.4,439.0;bottomrightwidepoint:562.6,509.8;bottomleftwidepoint:546.8,508.5",544.85,226.22,True,True
7401,04:56.040,refused,keypoint_hull_too_small,calibration_expired,0.6248,4,"topleftwidepoint:549.0,417.1;toprightwidepoint:522.0,419.0;bottomrightwidepoint:516.8,508.3;bottomleftwidepoint:557.2,506.7",581.3,589.71,False,True
7406,04:56.240,refused,keypoint_hull_too_small,calibration_expired,0.5947,4,"topleftwidepoint:549.4,405.4;toprightwidepoint:495.2,407.0;bottomrightwidepoint:490.1,507.4;bottomleftwidepoint:561.1,505.6",545.91,981.61,False,True
7411,04:56.440,no_keypoints,,calibration_expired,,0,,531.31,0.3,False,True
7416,04:56.640,no_keypoints,,calibration_expired,,0,,576.8,338.76,False,True
7426,04:57.040,no_keypoints,,calibration_expired,,0,,547.88,522.2,False,True
7446,04:57.840,no_keypoints,,calibration_expired,,0,,485.95,263.95,True,True
7461,04:58.440,no_keypoints,,calibration_expired,,0,,487.58,230.96,False,True
7471,04:58.840,no_keypoints,,calibration_expired,,0,,497.3,366.84,False,True
7476,04:59.040,no_keypoints,,calibration_expired,,0,,465.55,694.46,False,True
7527,05:01.080,no_keypoints,,calibration_expired,,0,,484.01,0.47,True,True
7537,05:01.480,no_keypoints,,calibration_expired,,0,,463.51,131.34,True,True
7557,05:02.280,no_keypoints,,calibration_expired,,0,,514.26,0.44,False,True
7574,05:02.960,no_keypoints,,calibration_expired,,0,,548.74,0.45,False,True
7596,05:03.840,no_keypoints,,calibration_expired,,0,,601.75,0.46,True,True
7606,05:04.240,no_keypoints,,calibration_expired,,0,,515.45,234.24,True,True
7616,05:04.640,no_keypoints,,calibration_expired,,0,,586.19,359.77,True,True
7636,05:05.440,no_keypoints,,calibration_expired,,0,,553.51,201.3,True,True
7646,05:05.840,no_keypoints,,calibration_expired,,0,,589.71,390.36,True,True
7656,05:06.240,no_keypoints,,calibration_expired,,0,,826.19,616.81,False,True
7676,05:07.040,no_keypoints,,calibration_expired,,0,,583.13,0.45,False,True
7761,05:10.440,no_keypoints,,calibration_expired,,0,,520.98,0.43,True,True
7781,05:11.240,no_keypoints,,calibration_expired,,0,,524.06,0.41,True,True
7801,05:12.040,no_keypoints,,calibration_expired,,0,,553.8,0.42,True,True
7821,05:12.840,no_keypoints,,calibration_expired,,0,,510.48,0.41,False,True
7841,05:13.640,no_keypoints,,calibration_expired,,0,,586.31,0.46,False,True
8006,05:20.240,no_keypoints,,calibration_expired,,0,,539.47,0.18,True,True
8026,05:21.040,no_keypoints,,calibration_expired,,0,,822.8,0.46,True,True
8046,05:21.840,no_keypoints,,calibration_expired,,0,,502.42,112.32,False,True
8066,05:22.640,no_keypoints,,calibration_expired,,0,,552.94,0.43,False,True
8082,05:23.280,no_keypoints,,calibration_expired,,0,,687.15,0.42,True,True
8092,05:23.680,no_keypoints,,calibration_expired,,0,,645.82,288.86,True,True
8102,05:24.080,no_keypoints,,calibration_expired,,0,,553.23,543.99,True,True
8112,05:24.480,no_keypoints,,calibration_expired,,0,,505.81,724.07,False,True
8122,05:24.880,no_keypoints,,calibration_expired,,0,,508.9,818.27,False,True
8146,05:25.840,no_keypoints,,calibration_expired,,0,,521.48,456.19,True,True
8156,05:26.240,no_keypoints,,calibration_expired,,0,,466.49,613.67,True,True
8166,05:26.640,no_keypoints,,calibration_expired,,0,,468.38,700.18,True,True
8176,05:27.040,no_keypoints,,calibration_expired,,0,,505.63,788.33,True,True
8197,05:27.880,no_keypoints,,calibration_expired,,0,,811.08,500.13,False,True
8207,05:28.280,no_keypoints,,calibration_expired,,0,,658.78,929.58,False,True
8217,05:28.680,no_keypoints,,calibration_expired,,0,,648.27,1201.57,False,True
8257,05:30.280,no_keypoints,,calibration_expired,,0,,535.72,323.44,False,False
8317,05:32.680,no_keypoints,,calibration_expired,,0,,490.51,0.54,False,False
8357,05:34.280,no_keypoints,,calibration_expired,,0,,465.03,0.47,False,False
8397,05:35.880,no_keypoints,,calibration_expired,,0,,516.46,0.44,False,False
8437,05:37.480,no_keypoints,,calibration_expired,,0,,451.52,0.44,False,False
8477,05:39.080,no_keypoints,,calibration_expired,,0,,486.41,0.59,False,False
8497,05:39.880,no_keypoints,,calibration_expired,,0,,475.29,0.5,True,True
8507,05:40.280,no_keypoints,,calibration_expired,,0,,532.49,112.58,True,True
8527,05:41.080,no_keypoints,,calibration_expired,,0,,518.23,0.46,False,True
8547,05:41.880,no_keypoints,,calibration_expired,,0,,489.98,0.56,False,True
8603,05:44.120,no_keypoints,,calibration_expired,,0,,530.46,0.42,True,True
8623,05:44.920,no_keypoints,,calibration_expired,,0,,536.48,0.45,True,True
8643,05:45.720,no_keypoints,,calibration_expired,,0,,528.45,0.51,False,True
8680,05:47.200,no_keypoints,,calibration_expired,,0,,592.62,0.43,True,True
8700,05:48.000,no_keypoints,,calibration_expired,,0,,526.82,0.69,True,True
8720,05:48.800,no_keypoints,,calibration_expired,,0,,516.6,0.43,True,True
8740,05:49.600,no_keypoints,,calibration_expired,,0,,483.57,0.42,False,True
8760,05:50.400,no_keypoints,,calibration_expired,,0,,741.27,0.41,False,True
8830,05:53.200,no_keypoints,,calibration_expired,,0,,518.92,0.56,True,True
8850,05:54.000,no_keypoints,,calibration_expired,,0,,480.95,0.45,True,True
8870,05:54.800,no_keypoints,,calibration_expired,,0,,508.61,0.38,False,True
8890,05:55.600,no_keypoints,,calibration_expired,,0,,489.51,0.44,True,True
8910,05:56.400,no_keypoints,,calibration_expired,,0,,529.67,0.4,True,True
8930,05:57.200,no_keypoints,,calibration_expired,,0,,533.82,0.41,False,True
9018,06:00.720,no_keypoints,,calibration_expired,,0,,514.32,0.42,False,False
9042,06:01.680,no_keypoints,,calibration_expired,,0,,556.13,0.47,True,True
9052,06:02.080,refused,only_2_usable_keypoints,calibration_expired,0.6138,4,"topleftwidepoint:533.2,370.5;toprightwidepoint:561.9,371.4;bottomrightwidepoint:561.6,527.6;bottomleftwidepoint:529.5,525.8",511.79,190.03,True,True
9062,06:02.480,no_keypoints,,calibration_expired,,0,,779.67,325.69,True,True
9082,06:03.280,no_keypoints,,calibration_expired,,0,,681.89,349.54,True,True
9090,06:03.600,no_keypoints,,calibration_expired,,0,,761.12,735.47,True,True
9100,06:04.000,no_keypoints,,calibration_expired,,0,,634.15,1122.94,False,True
9109,06:04.360,no_keypoints,,calibration_expired,,0,,619.98,0.46,False,True
9119,06:04.760,no_keypoints,,calibration_expired,,0,,519.95,199.36,False,True
9180,06:07.200,no_keypoints,,calibration_expired,,0,,492.15,0.47,False,False
9214,06:08.560,no_keypoints,,calibration_expired,,0,,561.67,0.46,True,True
9219,06:08.760,no_keypoints,,calibration_expired,,0,,506.92,365.55,True,True
9234,06:09.360,no_keypoints,,calibration_expired,,0,,630.77,286.51,True,True
9249,06:09.960,no_keypoints,,calibration_expired,,0,,564.2,322.44,True,True
9264,06:10.560,no_keypoints,,calibration_expired,,0,,552.77,302.58,True,True
9279,06:11.160,no_keypoints,,calibration_expired,,0,,585.54,288.41,False,True
9284,06:11.360,no_keypoints,,calibration_expired,,0,,582.2,688.13,False,True
9304,06:12.160,no_keypoints,,calibration_expired,,0,,1017.43,0.4,False,True
9322,06:12.880,no_keypoints,,calibration_expired,,0,,499.09,339.67,True,True
9332,06:13.280,no_keypoints,,calibration_expired,,0,,661.01,471.72,True,True
9352,06:14.080,no_keypoints,,calibration_expired,,0,,522.21,390.79,False,True
9362,06:14.480,no_keypoints,,calibration_expired,,0,,484.62,533.22,True,True
9372,06:14.880,no_keypoints,,calibration_expired,,0,,525.15,633.68,True,True
9392,06:15.680,no_keypoints,,calibration_expired,,0,,477.8,404.38,True,True
9402,06:16.080,no_keypoints,,calibration_expired,,0,,475.4,542.63,False,True
9412,06:16.480,no_keypoints,,calibration_expired,,0,,519.86,584.62,False,True
9417,06:16.680,no_keypoints,,calibration_expired,,0,,535.48,914.29,False,True
9453,06:18.120,no_keypoints,,calibration_expired,,0,,527.3,96.16,True,True
9463,06:18.520,no_keypoints,,calibration_expired,,0,,504.86,230.75,True,True
9473,06:18.920,no_keypoints,,calibration_expired,,0,,520.94,344.08,True,True
9478,06:19.120,no_keypoints,,calibration_expired,,0,,516.52,684.96,True,True
9498,06:19.920,refused,keypoint_hull_too_small,calibration_expired,0.5759,4,"topleftwidepoint:441.9,389.1;toprightwidepoint:470.8,389.2;bottomrightwidepoint:473.4,520.6;bottomleftwidepoint:438.9,519.1",521.86,0.46,False,True
9512,06:20.480,no_keypoints,,calibration_expired,,0,,516.9,0.42,False,True
9517,06:20.680,no_keypoints,,calibration_expired,,0,,522.88,328.7,False,True
9531,06:21.240,no_keypoints,,calibration_expired,,0,,471.54,350.04,True,True
9546,06:21.840,no_keypoints,,calibration_expired,,0,,491.7,280.0,True,True
9561,06:22.440,no_keypoints,,calibration_expired,,0,,496.11,224.89,False,True
9571,06:22.840,no_keypoints,,calibration_expired,,0,,505.87,340.19,True,True
9586,06:23.440,detected,,calibration_expired,0.586,4,"topleftwidepoint:491.2,327.1;toprightwidepoint:568.1,327.1;bottomrightwidepoint:574.4,508.4;bottomleftwidepoint:481.7,508.2",532.77,292.5,True,True
9591,06:23.640,no_keypoints,,calibrated,,0,,511.35,644.12,False,True
9617,06:24.680,no_keypoints,,calibration_expired,,0,,522.26,148.98,True,True
9627,06:25.080,no_keypoints,,calibration_expired,,0,,525.9,282.62,True,True
9637,06:25.480,no_keypoints,,calibration_expired,,0,,500.7,444.41,True,True
9647,06:25.880,no_keypoints,,calibration_expired,,0,,509.71,580.25,True,True
9657,06:26.280,no_keypoints,,calibration_expired,,0,,499.86,723.12,False,True
9738,06:29.520,no_keypoints,,calibration_expired,,0,,472.82,0.42,False,False
9778,06:31.120,no_keypoints,,calibration_expired,,0,,467.74,0.45,False,False
9845,06:33.800,no_keypoints,,calibration_expired,,0,,530.57,0.39,False,False
9850,06:34.000,no_keypoints,,calibration_expired,,0,,509.87,335.09,True,True
9860,06:34.400,no_keypoints,,calibration_expired,,0,,540.13,451.61,True,True
9870,06:34.800,no_keypoints,,calibration_expired,,0,,523.97,604.35,True,True
9880,06:35.200,no_keypoints,,calibration_expired,,0,,537.21,737.56,True,True
9900,06:36.000,no_keypoints,,calibration_expired,,0,,639.63,536.47,True,True
9910,06:36.400,no_keypoints,,calibration_expired,,0,,434.97,853.96,True,True
9920,06:36.800,no_keypoints,,calibration_expired,,0,,459.24,959.06,False,True
9930,06:37.200,no_keypoints,,calibration_expired,,0,,450.97,0.39,False,True
9940,06:37.600,no_keypoints,,calibration_expired,,0,,435.09,102.29,False,True
9948,06:37.920,no_keypoints,,calibration_expired,,0,,582.43,217.61,True,True
9963,06:38.520,no_keypoints,,calibration_expired,,0,,568.96,232.75,True,True
9978,06:39.120,no_keypoints,,calibration_expired,,0,,573.36,257.38,False,True
9983,06:39.320,no_keypoints,,calibration_expired,,0,,571.35,643.66,False,True
9993,06:39.720,no_keypoints,,calibration_expired,,0,,526.38,845.14,False,True
10003,06:40.120,no_keypoints,,calibration_expired,,0,,537.84,1002.42,False,True
10121,06:44.840,no_keypoints,,calibration_expired,,0,,632.58,0.42,True,True
10141,06:45.640,no_keypoints,,calibration_expired,,0,,554.21,0.43,True,True
10161,06:46.440,no_keypoints,,calibration_expired,,0,,549.9,0.47,True,True
10181,06:47.240,no_keypoints,,calibration_expired,,0,,578.52,0.47,True,True
10201,06:48.040,no_keypoints,,calibration_expired,,0,,600.13,0.53,True,True
10211,06:48.440,no_keypoints,,calibration_expired,,0,,1061.3,239.03,True,True
10236,06:49.440,no_keypoints,,calibration_expired,,0,,613.87,366.49,False,True
10251,06:50.040,no_keypoints,,calibration_expired,,0,,662.87,390.13,True,True
10271,06:50.840,no_keypoints,,calibration_expired,,0,,696.3,278.51,True,True
10291,06:51.640,no_keypoints,,calibration_expired,,0,,627.56,206.64,True,True
10301,06:52.040,no_keypoints,,calibration_expired,,0,,575.76,478.16,False,True
10306,06:52.240,no_keypoints,,calibration_expired,,0,,611.69,874.16,False,True
10326,06:53.040,no_keypoints,,calibration_expired,,0,,575.92,0.46,False,True
10383,06:55.320,no_keypoints,,calibration_expired,,0,,589.19,0.34,True,True
10403,06:56.120,no_keypoints,,calibration_expired,,0,,548.75,0.42,True,True
10423,06:56.920,no_keypoints,,calibration_expired,,0,,635.34,0.42,False,True
10486,06:59.440,no_keypoints,,calibration_expired,,0,,549.34,0.4,False,False
10526,07:01.040,no_keypoints,,calibration_expired,,0,,553.72,0.45,False,False
10531,07:01.240,no_keypoints,,calibration_expired,,0,,534.31,360.91,True,True
10546,07:01.840,no_keypoints,,calibration_expired,,0,,487.28,336.31,True,True
10561,07:02.440,no_keypoints,,calibration_expired,,0,,592.48,276.89,True,True
10566,07:02.640,no_keypoints,,calibration_expired,,0,,955.55,690.04,False,True
10571,07:02.840,no_keypoints,,calibration_expired,,0,,1052.91,1455.95,False,True
10591,07:03.640,refused,keypoint_hull_too_small,calibration_expired,0.6914,4,"topleftwidepoint:548.7,314.2;toprightwidepoint:594.4,313.1;bottomrightwidepoint:598.7,449.8;bottomleftwidepoint:540.2,449.3",909.45,0.55,False,True
10663,07:06.520,no_keypoints,,calibration_expired,,0,,1068.42,0.11,False,False
10681,07:07.240,no_keypoints,,calibration_expired,,0,,677.53,174.88,True,True
10696,07:07.840,no_keypoints,,calibration_expired,,0,,799.78,216.53,True,True
10716,07:08.640,no_keypoints,,calibration_expired,,0,,919.32,228.7,True,True
10736,07:09.440,no_keypoints,,calibration_expired,,0,,647.23,398.12,False,True
10741,07:09.640,no_keypoints,,calibration_expired,,0,,870.68,858.25,False,True
10941,07:17.640,no_keypoints,,calibration_expired,,0,,1407.08,0.48,False,False
10961,07:18.440,no_keypoints,,calibration_expired,,0,,1012.9,657.46,True,True
10981,07:19.240,no_keypoints,,calibration_expired,,0,,878.17,934.8,True,True
11001,07:20.040,no_keypoints,,calibration_expired,,0,,906.51,0.27,False,True
11117,07:24.680,no_keypoints,,calibration_expired,,0,,803.7,0.38,False,False
11140,07:25.600,no_keypoints,,calibration_expired,,0,,639.35,0.46,True,True
11150,07:26.000,no_keypoints,,calibration_expired,,0,,604.41,251.53,True,True
11165,07:26.600,no_keypoints,,calibration_expired,,0,,814.49,258.9,True,True
11185,07:27.400,no_keypoints,,calibration_expired,,0,,898.54,267.2,True,True
11190,07:27.600,no_keypoints,,calibration_expired,,0,,687.01,977.53,True,True
11195,07:27.800,no_keypoints,,calibration_expired,,0,,1009.94,1470.25,True,True
11215,07:28.600,no_keypoints,,calibration_expired,,0,,791.26,450.08,False,True
11235,07:29.400,no_keypoints,,calibration_expired,,0,,774.33,0.4,False,True
11285,07:31.400,no_keypoints,,calibration_expired,,0,,730.73,0.45,True,True
11305,07:32.200,no_keypoints,,calibration_expired,,0,,1062.87,0.28,True,True
11325,07:33.000,no_keypoints,,calibration_expired,,0,,1078.73,266.8,True,True
11345,07:33.800,no_keypoints,,calibration_expired,,0,,771.84,0.32,True,True
11365,07:34.600,no_keypoints,,calibration_expired,,0,,833.53,0.26,False,True
11565,07:42.600,no_keypoints,,calibration_expired,,0,,999.91,0.11,False,False
11731,07:49.240,no_keypoints,,calibration_expired,,0,,754.33,0.29,True,True
11751,07:50.040,no_keypoints,,calibration_expired,,0,,782.42,15.79,True,True
11771,07:50.840,no_keypoints,,calibration_expired,,0,,742.07,80.42,True,True
11791,07:51.640,no_keypoints,,calibration_expired,,0,,698.78,101.12,False,True
11869,07:54.760,no_keypoints,,calibration_expired,,0,,1016.47,0.31,True,True
11889,07:55.560,no_keypoints,,calibration_expired,,0,,780.77,284.77,True,True
11909,07:56.360,no_keypoints,,calibration_expired,,0,,829.91,331.53,True,True
11929,07:57.160,no_keypoints,,calibration_expired,,0,,773.53,449.82,True,True
11949,07:57.960,no_keypoints,,calibration_expired,,0,,696.36,0.31,False,True
12034,08:01.360,no_keypoints,,calibration_expired,,0,,827.76,0.24,False,False
12049,08:01.960,no_keypoints,,calibration_expired,,0,,1014.01,237.05,True,True
12069,08:02.760,no_keypoints,,calibration_expired,,0,,884.84,517.63,False,True
12074,08:02.960,no_keypoints,,calibration_expired,,0,,821.24,1217.65,False,True
12079,08:03.160,no_keypoints,,calibration_expired,,0,,884.39,0.33,False,True
12089,08:03.560,no_keypoints,,calibration_expired,,0,,736.74,503.48,False,True
12289,08:11.560,no_keypoints,,calibration_expired,,0,,1014.07,0.1,False,False
12329,08:13.160,no_keypoints,,calibration_expired,,0,,807.8,0.39,False,False
12369,08:14.760,no_keypoints,,calibration_expired,,0,,1133.28,0.47,False,False
12391,08:15.640,no_keypoints,,calibration_expired,,0,,883.34,309.34,True,True
12416,08:16.640,no_keypoints,,calibration_expired,,0,,765.49,234.99,False,True
12436,08:17.440,no_keypoints,,calibration_expired,,0,,654.08,225.57,True,True
12451,08:18.040,no_keypoints,,calibration_expired,,0,,707.31,309.66,True,True
12456,08:18.240,no_keypoints,,calibration_expired,,0,,712.06,818.41,False,True
12476,08:19.040,no_keypoints,,calibration_expired,,0,,855.05,742.27,False,True
12546,08:21.840,no_keypoints,,calibration_expired,,0,,1044.43,0.41,True,True
12566,08:22.640,no_keypoints,,calibration_expired,,0,,769.01,283.36,True,True
12586,08:23.440,no_keypoints,,calibration_expired,,0,,797.15,310.47,True,True
12606,08:24.240,no_keypoints,,calibration_expired,,0,,1107.77,353.6,False,True
12740,08:29.600,no_keypoints,,calibration_expired,,0,,928.13,0.66,True,True
12760,08:30.400,no_keypoints,,calibration_expired,,0,,1141.23,119.75,True,True
12780,08:31.200,no_keypoints,,calibration_expired,,0,,791.59,548.37,True,True
12800,08:32.000,no_keypoints,,calibration_expired,,0,,1029.64,642.34,False,True
12990,08:39.600,no_keypoints,,calibration_expired,,0,,2777.09,0.28,False,False
13070,08:42.800,no_keypoints,,calibration_expired,,0,,1864.91,0.58,False,False
13127,08:45.080,no_keypoints,,calibration_expired,,0,,2370.69,0.3,False,False
13168,08:46.720,no_keypoints,,calibration_expired,,0,,2564.08,927.77,False,False
13208,08:48.320,no_keypoints,,calibration_expired,,0,,1277.94,2078.92,False,False
13268,08:50.720,no_keypoints,,calibration_expired,,0,,1400.21,1246.43,False,False
13314,08:52.560,no_keypoints,,calibration_expired,,0,,1050.09,972.58,False,False
13368,08:54.720,no_keypoints,,calibration_expired,,0,,875.21,0.36,False,False
13410,08:56.400,no_keypoints,,calibration_expired,,0,,834.77,0.42,False,False
13461,08:58.440,no_keypoints,,calibration_expired,,0,,1130.71,0.5,False,False
13501,09:00.040,no_keypoints,,calibration_expired,,0,,1104.7,0.42,False,False
